permitnum,category,description,true_homes,notes
DP2019-4581,Residential - Multi-Family - Minor and Rowhouses,NEW: ROWHOUSE BUILDING (1 BUILDING); ACCESSORY RESIDENTIAL BUILDING (GARAGE),,
DP2019-5341,Residential - Multi-Family,REVISION: MULTI-RESIDENTIAL DEVELOPMENT (CHANGE TO DP2017-3156),,
DP2022-03023,Residential - Multi-Family,"NEW: ROWHOUSE (1 BUILDING), SECONDARY SUITE (4 SUITES), ACCESSORY RESIDENTIAL BUILDING (GARAGE)",,
DP2024-07373,Residential - Multi-Family,"NEW: MULTI-RESIDENTIAL DEVELOPMENT (2 PHASES, 2 BUILDINGS).",,
DP2024-07599,Residential - Multi-Family,NEW: MULTI-RESIDENTIAL DEVELOPMENT (2 BUILDINGS),,
DP2025-02163,Residential - Multi-Family,"NEW: ROWHOUSE BUILDING (2 BUILDINGS), TOWNHOUSE (2 BUILDINGS), SECONDARY SUITE (15 SUITES)",,
DP2025-03847,Residential - Multi-Family,"NEW: MULTI-RESIDENTIAL DEVELOPMENT (23 PHASES, 23 BUILDINGS)",,
DP2025-04756,Residential - Multi-Family,"NEW: MULTI-RESIDENTIAL DEVELOPMENT (2 BUILDINGS), SECONDARY SUITES 2",,
DP2025-05100,Residential - Multi-Family,NEW: MULTI-RESIDENTIAL DEVELOPMENT (17 BUILDINGS),,
DP2025-05814,Residential - Multi-Family,"NEW: DWELLING UNITS (2 BUILDINGS), ACCESSORY RESIDENTIAL BUILDING (CARPORT)",,
DP2025-05946,Residential - Multi-Family,NEW: MULTI-RESIDENTIAL DEVELOPMENT (1 BUILDING),,
DP2025-06748,Residential - Multi-Family - Minor and Rowhouses,"NEW: TOWNHOUSE (1 BUILDING), SECONDARY SUITE (4 SUITES), ACCESSORY RESIDENTIAL BUILDING (GARAGE)",,
DP2025-07323,Residential - Multi-Family,"NEW: ROWHOUSE BUILDING (1 BUILDING), SECONDARY SUITE (4 SUITES), ACCESSORY RESIDENTIAL BUILDING (GARAGE)",,
DP2025-07469,Residential - Multi-Family,"NEW: DWELLING UNITS (4 PHASES, 3 BUILDINGS)",,
DP2025-07434,Residential - Multi-Family,"NEW: TOWNHOUSE (1 BUILDING), SECONDARY SUITE (4 SUITES), ACCESSORY RESIDENTIAL BUILDING (DETACHED GARAGE)",,
DP2026-00364,Residential - Multi-Family,NEW: MULTI-RESIDENTIAL DEVELOPMENT - MINOR,,
DP2026-00427,Residential - Multi-Family,"NEW: SEMI-DETACHED DWELLING (2 BUILDINGS), SECONDARY SUITE (4 SUITES), ACCESSORY RESIDENTIAL BUILDING (2 GARAGES)",,
DP2026-00488,Residential - Multi-Family,"NEW: ROWHOUSE BUILDING (1 BUILDING), SECONDARY SUITE (3 SUITES), ACCESSORY RESIDENTIAL BUILDING (GARAGE)",,
DP2026-00477,Residential - Multi-Family,"NEW: ROWHOUSE BUILDING (1 BUILDING), SECONDARY SUITE (4 SUITES), ACCESSORY RESIDENTIAL BUILDING (CARPORT)",,
DP2026-00468,Residential - Multi-Family,"NEW: TOWNHOUSE (1 BUILDING), SEMI-DETACHED DWELLING (1 BUILDING), SECONDARY SUITE (5 SUITES), ACCESSORY RESIDENTIAL BUILDING (GARAGE)",,
DP2026-00986,Residential - Multi-Family,NEW: MULTI-RESIDENTIAL DEVELOPMENT - MINOR (10 BUILDINGS),,
DP2026-00967,Residential - Multi-Family,"NEW: ROWHOUSE BUILDING (1 BUILDING), TOWNHOUSE (1 BUILDING), SECONDARY SUITE (6 SUITES), ACCESSORY RESIDENTIAL BUILDING (GARAGE)",,
DP2026-01147,Residential - Multi-Family,"NEW: MULTI-RESIDENTIAL DEVELOPMENT (3 PHASES, 3 BUILDINGS)",,
DP2026-01513,Residential - Multi-Family,"NEW: DWELLING UNITS (2 BUILDINGS), SECONDARY SUITE (5 SUITES), ACCESSORY RESIDENTIAL BUILDING (CARPORT)",,
DP2024-05551,Residential - Multi-Family,"NEW: ROWHOUSE BUILDING (1 BUILDING), ACCESSORY RESIDENTIAL BUILDING (GARAGE), SECONDARY SUITES (4 SUITES) ",,
DP2026-00738,Residential - Multi-Family - Minor and Rowhouses,"NEW: DWELLING UNIT (1 BUILDING), SECONDARY SUITES (4 SUITES)",,
DP2026-01124,Residential - Multi-Family,"NEW: ROWHOUSE BUILDING (1 BUILDING), SECONDARY SUITE (3 SUITES), ACCESSORY RESIDENTIAL BUILDING (BICYCLE STALLS)",,
DP2024-05869,Residential - Multi-Family,"NEW: SIGN - CLASS C, SIGN - CLASS B, TEMPORARY RESIDENTIAL SALES CENTRE, MULTI-RESIDENTIAL DEVELOPMENT (4 BUILDINGS)",,
DP2024-02978,Residential - Multi-Family,"NEW: MULTI-RESIDENTIAL DEVELOPMENT (2 BUILDINGS), SECONDARY SUITE (9 SUITES), ACCESSORY RESIDENTIAL BUILDING (2 GARAGES)",,
DP2024-06575,Residential - Multi-Family - Renovations,EXTERIOR RENOVATIONS: ROWHOUSE BUILDING (NEW DOOR - REAR),,
DP2023-00510,Residential - Multi-Family,REVISION: DWELLING UNIT (CHANGES TO DP2020-7378),,
DP2024-03741,Residential - Multi-Family,"NEW: ROWHOUSE (1 BUILDING), SECONDARY SUITES (2 UNITS), ACCESSORY RESIDENTIAL BUILDING (GARAGE)",,
DP2024-07864,Residential - Multi-Family,NEW: TOWNHOUSE (1 BUILDING); SECONDARY SUITES (3 SUITES); ACCESSORY RESIDENTIAL BUILDING (GARAGE),,
DP2025-01496,Residential - Multi-Family,"NEW: MULTI-RESIDENTIAL DEVELOPMENT (1 BUILDING), SECONDARY SUITE (4 SUITES), ACCESSORY RESIDENTIAL BUILDING (GARAGE, MOBILITY STORAGE - 2)",,
DP2024-01376,Residential - Multi-Family,"NEW: ROWHOUSE BUILDING (2 BUILDINGS), SECONDARY SUITE (8 SUITES)",,
DP2025-07111,Residential - Multi-Family,"NEW: DWELLING UNIT (1 BUILDING), SECONDARY SUITE (3 SUITES), ACCESSORY RESIDENTIAL BUILDING (GARAGE)",,
DP2024-08492,Residential - New Single / Semi / Duplex,"NEW: SEMI-DETACHED DWELLING, SECONDARY SUITE (BASEMENT - 2), ACCESSORY RESIDENTIAL BUILDING (GARAGE - 2), BACKYARD SUITE (ABOVE GARAGE - 2)",,
DP2025-02675,Residential - New Single / Semi / Duplex,"NEW: SEMI-DETACHED DWELLING, SECONDARY SUITE (BASEMENT)",,
DP2024-04560,Residential - Secondary Suite,NEW: SECONDARY SUITE (BASEMENT) - PARKING DEPTH,,
DP2024-05250,Residential - Additions over 10 sq metres,ADDITION: SINGLE DETACHED DWELLING (MAIN FLOOR AND 2ND FLOOR REAR) - EXISTING BUILDING TO CONFORM WITH 1P2007,,
DP2025-07119,Residential - New Single / Semi / Duplex,"NEW: SINGLE DETACHED DWELLING (EAST LOT), ACCESSORY RESIDENTIAL BUILDING (GARAGE)",,
DP2024-03886,Residential - Additions over 10 sq metres,ADDITION: SINGLE DETACHED DWELLING (MAIN & 2ND FLOOR - FRONT & REAR),,
DP2024-07045,Residential - Additions over 10 sq metres,"ADDITION: SINGLE DETACHED DWELLING (MAIN FLOOR - FRONT, 2ND FLOOR)",,
DP2023-04066,Residential - Secondary Suite,"NEW: SECONDARY SUITE (BASEMENT) - PARCEL WIDTH, PARKING STALL",,
DP2024-06071,Residential - New Single / Semi / Duplex,REVISION: SEMI-DETACHED DWELLING (CHANGE TO DP2022-03937),,
DP2025-01122,Residential - New Single / Semi / Duplex,NEW: SINGLE-DETACHED DWELLING,,
